{
  "robustness_no_edges": 0.10052910052910058,
  "robustness_with_edges": 0.13439153491534,
  "confidence_with_edges": 0.4319913137891384
}
